	z_CATEGORICAL_NON-CANCER_ILLNESS_CODE_SELF-REPORTED-HYPERTENSION	z_CATEGORICAL_VASCULAR_HEART_PROBLEMS_DIAGNOSED_BY_DOCTOR-STROKE	z_ICD10_N18_CHRONIC_RENAL_FAILURE	z_BIOMARKERS_GAMMA_GLUTAMYLTRANSFERASE	z_PHECODE_SKIN_CANCER	z_CONTINUOUS_SYSTOLIC_BLOOD_PRESSURE_AUTOMATED_READING	z_BIOMARKERS_GLYCATED_HAEMOGLOBIN_HBA1C	z_PHECODE_ASTHMA	z_CONTINUOUS_DIASTOLIC_BLOOD_PRESSURE_AUTOMATED_READING	z_ICD10_K44_DIAPHRAGMATIC_HERNIA	z_BIOMARKERS_LDL_DIRECT	z_ICD10_H26_OTHER_CATARACT	z_BIOMARKERS_CYSTATIN_C	z_CATEGORICAL_NON-CANCER_ILLNESS_CODE_SELF-REPORTED-ANGINA	z_CATEGORICAL_NON-CANCER_ILLNESS_CODE_SELF-REPORTED-HEART_FAILURE_PULMONARY_ODEMA	z_CONTINUOUS_ESTIMATED_GLOMERULAR_FILTRATION_RATE_SERUM_CREATININE	z_PHECODE_OSTEOPOROSIS	z_BIOMARKERS_RHEUMATOID_FACTOR	z_PHECODE_TYPE_2_DIABETES	z_BIOMARKERS_ALKALINE_PHOSPHATASE	z_CATEGORICAL_NON-CANCER_ILLNESS_CODE_SELF-REPORTED-HIGH_CHOLESTEROL	z_CONTINUOUS_SEATED_HEIGHT	z_BIOMARKERS_TOTAL_PROTEIN	z_PHECODE_MULTIPLE_SCLEROSIS	z_BIOMARKERS_DIRECT_BILIRUBIN	z_PHECODE_GLAUCOMA	z_CATEGORICAL_EYE_PROBLEMS_DISORDERS-MACULAR_DEGENERATION	z_CATEGORICAL_HEARING_AID_USER	z_CATEGORICAL_NON-CANCER_ILLNESS_CODE_SELF-REPORTED-EMPHYSEMA_CHRONIC_BRONCHITIS	z_BIOMARKERS_TRIGLYCERIDES	z_PHECODE_BIPOLAR	z_BIOMARKERS_PHOSPHATE	z_CATEGORICAL_NON-CANCER_ILLNESS_CODE_SELF-REPORTED-SEPTICAEMIA_SEPSIS	z_BIOMARKERS_C-REACTIVE_PROTEIN	z_PHECODE_ULCER_OF_ESOPHAGUS	z_BIOMARKERS_ALANINE_AMINOTRANSFERASE	z_CONTINUOUS_FORCED_EXPIRATORY_VOLUME_IN_1-SECOND_BEST_MEASURE	z_PHECODE_ISCHEMIC_HEART_DISEASE	z_BIOMARKERS_TESTOSTERONE	z_BIOMARKERS_APOLIPOPROTEIN_B	z_ICD10_K29_GASTRITIS_AND_DUODENITIS	z_BIOMARKERS_SHBG	z_BIOMARKERS_TOTAL_BILIRUBIN	z_BIOMARKERS_APOLIPOPROTEIN_A	z_PHECODE_RHEUMATOID_ARTHRITIS	z_CONTINUOUS_STANDING_HEIGHT	z_BIOMARKERS_CALCIUM	z_BIOMARKERS_CHOLESTEROL	z_PHECODE_TYPE_1_DIABETES	z_BIOMARKERS_IGF-1	z_ICD10_F20_SCHIZOPHRENIA	z_ICD10_K21_GASTRO-OESOPHAGEAL_REFLUX_DISEASE	z_BIOMARKERS_UREA	z_PHECODE_DEMENTIAS	z_BIOMARKERS_ALBUMIN	z_PHECODE_BREAST_CANCER	z_ICD10_K57_DIVERTICULAR_DISEASE_OF_INTESTINE	z_CATEGORICAL_NON-CANCER_ILLNESS_CODE_SELF-REPORTED-CHRONIC_OBSTRUCTIVE_AIRWAYS_DISEASE_COPD	z_CONTINUOUS_HEEL_BONE_MINERAL_DENSITY	z_CONTINUOUS_BODY_MASS_INDEX	z_BIOMARKERS_OESTRADIOL	z_BIOMARKERS_HDL_CHOLESTEROL	z_PHECODE_ULCERATIVE_COLITIS	z_CATEGORICAL_NON-CANCER_ILLNESS_CODE_SELF-REPORTED-CERVICAL_SPONDYLOSIS	z_PHECODE_COLORECTAL_CANCER	z_BIOMARKERS_GLUCOSE	z_PHECODE_MYOCARDIAL_INFARCTION	z_ICD10_I48_ATRIAL_FIBRILLATION_AND_FLUTTER	z_BIOMARKERS_URATE	z_BIOMARKERS_LIPOPROTEIN_A	z_CATEGORICAL_NON-CANCER_ILLNESS_CODE_SELF-REPORTED-URINARY_FREQUENCY_INCONTINENCE	z_ICD10_K50_CROHN_DISEASE_REGIONAL_ENTERITIS	z_BIOMARKERS_ASPARTATE_AMINOTRANSFERASE	z_BIOMARKERS_CREATININE	z_PHECODE_ALLERGY_ADVERSE_EFFECT_OF_PENICILLIN	z_PHECODE_PARKINSON_DISEASE	z_BIOMARKERS_VITAMIN_D	z_PHECODE_CANCER_OF_BRONCHUS_LUNG
z_CATEGORICAL_NON-CANCER_ILLNESS_CODE_SELF-REPORTED-HYPERTENSION	1.2263	0.1136	0.1319	0.2165	0.0057	0.368	0.184	0.0675	0.34	0.0569	-0.1733	0.0381	0.1969	0.1465	0.0232	-0.0555	0.0068	-0.0017	0.2068	0.0862	0.2991	-0.0372	0.1025	0.0045	0.0479	0.0087	-0.0004	0.0228	0.0413	0.1553	0.0043	-0.0284	-0.0006	0.1807	0.0429	0.1686	-0.1153	0.1685	-0.0517	-0.1179	0.0653	-0.1962	-0.0059	-0.0998	0.0445	-0.1125	0.093	-0.1873	0.0852	-0.0394	0.003	0.056	0.0751	0.0206	0.0424	0.0062	0.0654	0.0143	0.0254	0.3401	-0.0065	-0.1825	0.0097	0.0185	0.0123	0.1424	0.1077	0.0903	0.2561	-0.0034	0.0057	0.0092	0.095	0.0548	0.0511	0.0021	-0.0661	0.0156
z_CATEGORICAL_VASCULAR_HEART_PROBLEMS_DIAGNOSED_BY_DOCTOR-STROKE	0.1136	1.017	0.0562	0.0547	0.0052	0.01	0.0618	0.0406	0.0167	0.029	-0.1067	0.0209	0.0779	0.0872	0.0136	-0.0291	0.0232	0.0027	0.0841	0.0426	0.105	-0.0308	0.0041	0.0131	0.0193	0.0085	0.0057	0.0257	0.0352	0.0272	0.015	0.0027	0.0107	0.0536	0.0204	0.0271	-0.0583	0.1017	-0.0137	-0.088	0.0407	-0.04	-0.0189	-0.0503	0.0251	-0.0504	0.0034	-0.1108	0.0417	-0.0223	0.0068	0.0346	0.013	0.0286	-0.021	-0.0029	0.0267	0.0143	-0.0141	0.0754	-0.0041	-0.0675	0.0101	0.0164	0.0056	0.0241	0.0767	0.0734	0.0515	0.0007	0.011	0.0051	0.0115	0.0294	0.0383	0.01	-0.031	0.0235
z_ICD10_N18_CHRONIC_RENAL_FAILURE	0.1319	0.0562	1.0227	0.0568	0.0192	0.0284	0.0945	0.0676	0.0152	0.0678	-0.0683	0.0457	0.2629	0.0883	0.0379	-0.2455	0.0475	0.0056	0.1639	0.0516	0.0753	-0.0053	0.0046	0.0084	0.0092	0.02	0.0149	0.0262	0.0354	0.0772	0.0331	-0.0066	0.005	0.0961	0.0335	0.0182	-0.0509	0.1467	-0.0261	-0.0493	0.0824	-0.0671	-0.0264	-0.0762	0.0584	-0.0261	0.0021	-0.0811	0.1041	-0.0109	0.0075	0.0644	0.1528	0.0487	-0.0513	0.007	0.0637	0.0229	0.0036	0.1176	-0.0039	-0.1035	0.0222	0.0092	0.0181	0.0477	0.1214	0.1194	0.155	0.0009	0.0035	0.0163	0.0068	0.2548	0.0631	0.017	-0.0304	0.0173
z_BIOMARKERS_GAMMA_GLUTAMYLTRANSFERASE	0.2165	0.0547	0.0568	1.5161	-0.0049	0.2248	0.2272	0.0559	0.2465	0.056	0.1384	0.0288	0.1894	0.0801	0.0167	0.0332	0.0143	-0.0055	0.1684	0.4198	0.1424	-0.052	0.2372	0.0133	0.0152	0.0124	-0.0049	0.0297	0.0471	0.4487	0.0054	-0.0095	0.0061	0.4559	0.0464	0.755	-0.1473	0.1006	-0.0422	0.1936	0.0761	-0.3438	-0.0245	-0.0209	0.0421	-0.1483	0.1994	0.1582	0.0537	-0.1269	0.0053	0.0663	0.0017	0.0102	0.1373	0.0222	0.0577	0.0312	0.013	0.4237	-0.0333	-0.1403	0.0138	0.033	0.013	0.1542	0.0662	0.0512	0.3802	-0.0259	0.0047	0.0068	0.536	-0.0396	0.0519	-0.0065	-0.0974	0.0321
z_PHECODE_SKIN_CANCER	0.0057	0.0052	0.0192	-0.0049	1.059	-0.0087	-0.0137	0.0093	-0.0107	0.0064	-0.0031	0.0058	-0.0076	-0.0045	-0.007	-0.0108	0.0153	0.0021	0.0066	-0.0124	0.0016	0.0069	-0.0155	-0.0008	0.0122	0.009	0.0033	1.2349e-05	-0.0016	-0.0091	0.0013	0.0025	0.0026	-0.0121	-0.0024	-0.0103	0.0124	-0.0017	0.0002	-0.0036	0.002	0.004	0.0157	0.005	0.004	0.0246	-0.0055	-0.0034	-0.0037	0.0099	-0.0058	0.0078	0.0066	0.0007	0.0002	0.0156	0.0101	-0.0026	-2.4634e-06	-0.0263	-0.0047	0.004	0.0041	0.0004	0.0152	-0.0029	-0.0053	0.0134	-0.0105	-0.0003	-0.0019	0.0049	-0.0101	0.0116	0.0217	0.0093	0.04	0.0044
z_CONTINUOUS_SYSTOLIC_BLOOD_PRESSURE_AUTOMATED_READING	0.368	0.01	0.0284	0.2248	-0.0087	1.3482	0.0585	0.009	0.9664	0.0049	0.1097	-0.0001	0.0309	-0.023	-0.0044	0.048	-0.0213	-0.0025	0.0403	0.1351	0.0564	-0.043	0.2337	-0.0063	-0.0389	8.9756e-05	0.0003	0.0058	-0.0008	0.1642	-0.0111	-0.1579	-0.0026	0.1704	0.0065	0.1778	-0.0853	0.012	-0.0095	0.1311	0.0013	-0.1668	-0.0332	0.0571	0.0099	-0.1436	0.1274	0.1253	0.014	-0.0178	-0.016	0.005	-0.0469	0.0059	0.1593	0.0114	0.0076	-0.0054	0.0511	0.2675	-0.0096	-0.0046	-0.0055	0.0011	0.008	0.1572	0.0012	-0.0136	0.1406	-0.006	-0.0077	-0.0043	0.1161	-0.0513	0.0061	-0.0154	-0.0779	-0.0014
z_BIOMARKERS_GLYCATED_HAEMOGLOBIN_HBA1C	0.184	0.0618	0.0945	0.2272	-0.0137	0.0585	1.5278	0.0585	0.0464	0.0596	-0.0396	0.0447	0.1631	0.129	0.0179	-0.0162	-0.0105	-0.005	0.4822	0.1461	0.2053	-0.0256	0.1009	0.0056	-0.2181	0.0165	0.003	0.0209	0.0448	0.258	0.0055	0.0895	0.0059	0.2488	0.0288	0.1962	-0.1413	0.1481	-0.1043	0.0185	0.0617	-0.3364	-0.3344	-0.1878	0.0078	-0.0734	0.0624	-0.0674	0.2532	-0.0432	0.015	0.0449	0.0792	0.0161	-0.0656	0.006	0.0551	0.0352	0.016	0.3232	-0.0317	-0.2508	0.0185	0.0104	0.0087	0.3859	0.1205	0.0414	0.1592	0.0081	0.0054	0.0083	0.0785	0.0144	0.0445	-0.0035	-0.0992	0.0339
z_PHECODE_ASTHMA	0.0675	0.0406	0.0676	0.0559	0.0093	0.009	0.0585	1.0921	0.0273	0.1116	-0.0224	0.0569	0.0815	0.061	0.0158	-0.0023	0.0745	0.0091	0.1027	0.0482	0.0312	-0.0295	-0.007	0.0145	-0.0182	0.0325	0.0142	0.0362	0.1404	0.0402	0.0261	-0.0035	0.0031	0.115	0.0616	0.0339	-0.1607	0.0996	-0.0319	-0.0122	0.1	-0.047	-0.0506	-0.0227	0.0768	-0.0513	-0.0133	-0.0231	0.044	-0.0455	0.0131	0.1213	-0.0017	0.0206	-0.0534	0.0212	0.0887	0.0849	-0.0015	0.1166	-0.0064	-0.036	0.0387	0.0335	0.0247	0.0166	0.0612	0.0678	0.0461	-0.0031	0.0155	0.0273	0.0123	0.0005	0.12	0.0137	-0.0264	0.0347
z_CONTINUOUS_DIASTOLIC_BLOOD_PRESSURE_AUTOMATED_READING	0.34	0.0167	0.0152	0.2465	-0.0107	0.9664	0.0464	0.0273	1.3388	0.0284	0.1685	-0.0059	0.1119	-0.0583	-0.0072	0.005	-0.0166	-0.0021	0.0046	0.1561	0.0281	0.0177	0.2149	0.0019	-0.0317	-0.0066	-0.0024	0.009	0.0044	0.2063	-0.0018	-0.1207	-0.0022	0.2177	0.0156	0.2089	-0.046	-0.0206	0.0045	0.1938	0.0072	-0.1965	-0.0064	0.0143	0.0121	-0.077	0.1101	0.167	-0.0297	-0.033	-0.0074	0.0231	-0.0594	-0.0025	0.1116	0.0162	0.0326	-0.0062	0.0373	0.3914	-0.015	-0.0542	0.0023	0.0048	0.0054	0.0868	-0.0163	0.0019	0.1966	-0.0022	0.0011	-0.0014	0.121	-0.0055	0.0121	-0.0126	-0.0902	-0.0011
z_ICD10_K44_DIAPHRAGMATIC_HERNIA	0.0569	0.029	0.0678	0.056	0.0064	0.0049	0.0596	0.1116	0.0284	1.0598	-0.009	0.0223	0.0888	0.0642	0.0029	-0.0249	0.0782	0.0003	0.0838	0.0683	0.0468	-0.0606	0.0002	0.0111	-0.0231	0.0171	0.0107	0.0256	0.049	0.0611	0.0071	-0.0069	0.0085	0.0906	0.3279	0.0318	-0.0348	0.0931	-0.0022	0.0029	0.4028	-0.0471	-0.0545	-0.055	0.0654	-0.0719	0.0007	-0.0232	0.0391	-0.0365	0.0124	0.3985	0.0055	0.0172	-0.0407	0.0041	0.1461	0.0248	-0.0105	0.1114	-0.0034	-0.0729	0.0353	0.0308	0.0219	0.0256	0.0628	0.0335	0.0436	0.0008	0.0184	0.0318	0.0046	0.024	0.0882	0.0153	-0.024	0.0186
z_BIOMARKERS_LDL_DIRECT	-0.1733	-0.1067	-0.0683	0.1384	-0.0031	0.1097	-0.0396	-0.0224	0.1685	-0.009	1.2602	-0.0279	0.0051	-0.1635	-0.0169	0.0377	-0.0267	-0.0089	-0.1916	0.0507	-0.2105	-0.016	0.2049	-0.0078	-0.2836	-0.011	-0.0061	-0.0126	-0.0188	0.3915	-0.0052	0.0118	-0.001	0.0766	-0.0099	0.0763	0.0252	-0.1288	0.0505	1.2782	-0.0331	-0.0483	-0.0174	0.0632	-0.0246	-0.0432	0.1793	1.2616	-0.1051	0.0243	-0.012	-0.0072	-0.0106	-0.0091	0.1483	-0.0055	-0.0168	-0.0167	-0.0032	0.0364	-0.0234	0.1071	-0.0181	-0.0026	-0.0017	-0.0557	-0.0932	-0.0739	0.0776	0.1141	-0.0082	-0.0308	0.0305	-0.0372	-0.0249	-0.0152	-0.0983	-0.0118
z_ICD10_H26_OTHER_CATARACT	0.0381	0.0209	0.0457	0.0288	0.0058	-0.0001	0.0447	0.0569	-0.0059	0.0223	-0.0279	1.0475	0.0492	0.0397	0.0096	-0.0057	0.0309	0.0038	0.0838	0.0197	0.0218	0.0161	-0.0055	0.0034	0.0043	0.1575	0.0301	0.018	0.0295	0.026	0.006	-0.0054	0.0021	0.0304	0.0128	0.0158	-0.0203	0.0525	-0.009	-0.0202	0.0242	-0.0181	-0.0115	-0.026	0.0198	0.0148	-0.0065	-0.0305	0.0701	-0.0182	0.0048	0.0256	0.0074	0.0127	-0.0216	-0.0031	0.0214	0.024	-0.0044	0.0407	-0.0035	-0.0364	0.0064	0.0066	0.0028	0.0131	0.0405	0.0389	0.0309	-0.0009	-0.002	0.0079	0.0039	0.0042	0.0416	0.0055	-0.03	0.0058
z_BIOMARKERS_CYSTATIN_C	0.1969	0.0779	0.2629	0.1894	-0.0076	0.0309	0.1631	0.0815	0.1119	0.0888	0.0051	0.0492	1.6505	0.0906	0.0409	-0.7716	0.0202	0.0228	0.1335	0.3078	0.0715	0.0492	0.077	0.0138	-0.007	9.4009e-05	0.0121	0.0331	0.0732	0.3325	0.0357	0.0413	0.0127	0.443	0.0507	0.1295	-0.1259	0.1343	0.0008	0.0568	0.092	-0.1844	-0.0584	-0.3027	0.0949	0.0234	0.08	-0.0649	0.0636	-0.0441	0.0211	0.0733	0.3785	0.019	-0.1629	0.0161	0.072	0.0343	0.0075	0.4996	-0.0268	-0.4155	0.0235	0.0325	0.0154	-0.0276	0.1017	0.0892	0.6004	0.0092	0.0085	0.0286	0.08	0.7944	0.0779	-0.0035	-0.0985	0.0395
z_CATEGORICAL_NON-CANCER_ILLNESS_CODE_SELF-REPORTED-ANGINA	0.1465	0.0872	0.0883	0.0801	-0.0045	-0.023	0.129	0.061	-0.0583	0.0642	-0.1635	0.0397	0.0906	1.0577	0.0317	-0.0388	0.0275	-0.002	0.1492	0.0412	0.1812	-0.0383	0.0073	0.0035	0.0373	0.009	0.007	0.037	0.0575	0.0507	0.0033	0.0205	0.0005	0.0417	0.0303	0.0548	-0.0794	0.5151	-0.0332	-0.1236	0.0914	-0.0631	-0.0115	-0.1119	0.0456	-0.0884	0.0134	-0.181	0.0778	-0.0268	0.0054	0.0701	0.0329	0.0245	-0.0052	-0.0065	0.047	0.032	-0.0053	0.1125	-0.0017	-0.1442	0.0211	0.0236	0.0025	0.0522	0.3305	0.0955	0.0575	0.0216	0.0082	0.0111	0.0299	0.0397	0.0518	0.0201	-0.0381	0.0274
z_CATEGORICAL_NON-CANCER_ILLNESS_CODE_SELF-REPORTED-HEART_FAILURE_PULMONARY_ODEMA	0.0232	0.0136	0.0379	0.0167	-0.007	-0.0044	0.0179	0.0158	-0.0072	0.0029	-0.0169	0.0096	0.0409	0.0317	0.995	-0.0223	0.0049	-0.0063	0.0277	0.0098	0.0177	-0.0096	0.0051	-0.0033	0.0056	-0.0002	0.0043	0.0073	0.0086	0.0186	0.0005	-0.0003	-0.001	0.0203	0.0038	0.0084	-0.0174	0.0469	0.0032	-0.012	0.0109	-0.0094	0.0005	-0.023	0.0103	-0.012	0.0016	-0.0193	0.0116	-0.0069	-0.0002	0.0052	0.0263	0.0099	-0.0023	-0.0031	0.0062	0.0166	-0.0017	0.025	-0.0009	-0.0281	0.0015	0.0039	0.0023	0.0104	0.0318	0.0485	0.0378	0.0028	0.0098	0.0056	0.0064	0.0218	0.012	-0.0047	-0.0129	0.0101
z_CONTINUOUS_ESTIMATED_GLOMERULAR_FILTRATION_RATE_SERUM_CREATININE	-0.0555	-0.0291	-0.2455	0.0332	-0.0108	0.048	-0.0162	-0.0023	0.005	-0.0249	0.0377	-0.0057	-0.7716	-0.0388	-0.0223	1.47	0.0305	-0.0042	0.0113	0.0131	-0.0356	-0.0705	-0.022	0.0254	-0.0412	0.0076	-0.0057	-0.0003	-0.0036	-0.051	-0.0132	-0.0454	-0.0074	-0.0588	-0.0119	0.0173	-0.0646	-0.0519	0.0263	0.0375	-0.0181	0.1072	-0.0566	0.0652	0.0017	-0.096	-0.0907	0.0583	-0.0043	-0.095	-0.0008	-0.0148	-0.5388	-0.0004	0.021	0.0023	-0.0052	0.0084	-0.0625	-0.1467	0.0177	0.0766	0.0049	-0.0021	0.0016	0.0237	-0.0398	-0.0323	-0.452	-0.0198	-0.0006	-0.0054	-0.0368	-1.4343	-0.004	0.0066	-0.091	0.0112
z_PHECODE_OSTEOPOROSIS	0.0068	0.0232	0.0475	0.0143	0.0153	-0.0213	-0.0105	0.0745	-0.0166	0.0782	-0.0267	0.0309	0.0202	0.0275	0.0049	0.0305	1.0352	0.0091	0.022	0.0126	0.0024	-0.0546	-0.004	0.0212	0.0034	0.0267	0.0118	0.0158	0.0387	-0.0172	0.01	0.0063	0.0071	0.0097	0.0349	-0.0198	-0.0343	0.0485	-0.0046	-0.0264	0.0637	0.0516	-0.0161	0.0078	0.1021	-0.0424	0.0074	-0.0207	0.0187	-0.0296	0.0047	0.0629	-0.0221	0.0323	-0.0235	0.0254	0.0481	0.0404	-0.1314	-0.0516	-0.0019	0.0149	0.0359	0.017	0.0056	-0.0057	0.0289	0.043	-0.0351	4.2819e-05	0.008	0.044	-0.0001	-0.0348	0.0587	0.0386	0.0232	0.0195
z_BIOMARKERS_RHEUMATOID_FACTOR	-0.0017	0.0027	0.0056	-0.0055	0.0021	-0.0025	-0.005	0.0091	-0.0021	0.0003	-0.0089	0.0038	0.0228	-0.002	-0.0063	-0.0042	0.0091	0.9947	0.0016	0.0019	2.7503e-05	0.0047	-0.0006	-0.0039	-0.0026	-0.0023	-0.0071	0.0035	-0.0013	-0.0067	0.001	-0.0007	0.001	0.0114	0.0001	9.5377e-05	0.0039	0.0013	-0.0028	-0.0075	0.0028	0.01	0.0017	-0.0179	0.0887	0.0102	-0.0114	-0.0132	0.0056	-0.0003	0.0051	-0.0004	0.0021	-0.0006	-0.0256	-0.0058	0.004	0.0005	-0.0074	-0.0017	0.0043	-0.0183	0.0046	0.0022	0.0021	-0.0038	0.0033	0.0031	0.0021	0.0016	0.0026	0.0035	0.0023	0.0047	0.0034	0.0006	0.0014	0.0015
z_PHECODE_TYPE_2_DIABETES	0.2068	0.0841	0.1639	0.1684	0.0066	0.0403	0.4822	0.1027	0.0046	0.0838	-0.1916	0.0838	0.1335	0.1492	0.0277	0.0113	0.022	0.0016	1.101	0.0815	0.1681	-0.0096	0.0127	0.0177	0.0082	0.0354	0.0075	0.0411	0.0537	0.1747	0.0234	-0.011	0.0065	0.1501	0.048	0.1557	-0.1113	0.1974	-0.0712	-0.131	0.1073	-0.2001	-0.0687	-0.177	0.0603	-0.0521	0.0436	-0.2184	0.3342	-0.0774	0.0219	0.0779	0.0458	0.0445	-0.0253	0.0112	0.0856	0.0347	0.0307	0.2823	-0.0102	-0.2446	0.0349	0.0232	0.0292	0.2829	0.1494	0.0913	0.1066	-0.021	0.0165	0.0207	0.0423	-0.0162	0.0871	0.0092	-0.0946	0.0345
z_BIOMARKERS_ALKALINE_PHOSPHATASE	0.0862	0.0426	0.0516	0.4198	-0.0124	0.1351	0.1461	0.0482	0.1561	0.0683	0.0507	0.0197	0.3078	0.0412	0.0098	0.0131	0.0126	0.0019	0.0815	1.607	0.0284	-0.0591	0.1727	0.0113	-0.0629	0.0088	0.003	0.0246	0.0561	0.2459	0.0068	-0.0438	0.0086	0.4288	0.057	0.2898	-0.1159	0.0685	-0.0008	0.0672	0.0678	-0.1505	-0.1431	-0.1563	0.0566	-0.1026	0.0838	0.0268	0.0563	-0.0043	0.0154	0.0666	0.0078	0.0106	-0.0169	0.0029	0.0372	0.0291	-0.066	0.2519	-0.0398	-0.1929	0.0384	0.0193	0.0195	0.0671	0.0541	0.022	0.1525	0.0031	0.0106	0.0396	0.2314	-0.0168	0.0524	0.0043	-0.1505	0.0381
z_CATEGORICAL_NON-CANCER_ILLNESS_CODE_SELF-REPORTED-HIGH_CHOLESTEROL	0.2991	0.105	0.0753	0.1424	0.0016	0.0564	0.2053	0.0312	0.0281	0.0468	-0.2105	0.0218	0.0715	0.1812	0.0177	-0.0356	0.0024	2.7503e-05	0.1681	0.0284	1.0991	-0.0522	0.0544	-0.0008	0.0211	0.0057	-0.0007	0.0274	0.0171	0.1344	0.0063	0.0335	0.0015	0.0255	0.0251	0.1497	-0.0711	0.1755	-0.0676	-0.1411	0.0628	-0.1475	-0.0162	-0.0635	0.0311	-0.0966	0.0774	-0.2062	0.0731	-0.0139	0.0093	0.0512	0.0476	0.0238	0.079	0.0008	0.0435	0.0167	0.0075	0.1656	-0.0064	-0.14	0.0039	0.0193	0.0093	0.0878	0.1211	0.0366	0.1057	0.0358	0.0109	5.2858e-05	0.1029	0.039	0.0371	-0.0026	-0.0328	0.0143
z_CONTINUOUS_SEATED_HEIGHT	-0.0372	-0.0308	-0.0053	-0.052	0.0069	-0.043	-0.0256	-0.0295	0.0177	-0.0606	-0.016	0.0161	0.0492	-0.0383	-0.0096	-0.0705	-0.0546	0.0047	-0.0096	-0.0591	-0.0522	1.7362	-0.0768	-0.0013	0.0763	-0.0003	0.017	0.0011	-0.0242	-0.0188	-0.0145	-0.0867	-0.0022	-0.0593	-0.0456	-0.0047	0.4169	-0.0371	-0.0299	-0.0285	-0.0574	-0.023	0.1075	-0.0683	-0.0175	1.3972	-0.0557	-0.0383	0.0023	0.0872	-0.0143	-0.0534	0.0138	-0.0112	-0.0394	0.0234	-0.0179	-0.0173	0.0055	-7.82e-05	-0.0044	-0.0673	-0.0109	-0.0149	0.0064	-0.0399	-0.0292	0.0617	0.0294	-0.006	-0.0308	-0.0135	-0.0325	0.0743	-0.0162	-0.0008	0.0059	0.0014
z_BIOMARKERS_TOTAL_PROTEIN	0.1025	0.0041	0.0046	0.2372	-0.0155	0.2337	0.1009	-0.007	0.2149	0.0002	0.2049	-0.0055	0.077	0.0073	0.0051	-0.022	-0.004	-0.0006	0.0127	0.1727	0.0544	-0.0768	1.3691	-0.0035	0.0271	-0.0103	-0.0151	-0.0087	-0.0065	0.0812	-0.0165	0.1171	0.0047	0.133	0.0049	0.1735	-0.027	0.0074	0.0514	0.2038	0.0081	-0.0835	0.0947	0.1214	0.0176	-0.0808	0.6911	0.2132	-0.0125	0.0213	-0.0087	0.0012	0.0086	-0.0028	0.6668	-0.0026	3.2456e-05	-0.0074	-0.0126	0.0409	-0.0315	0.0942	0.0102	0.0025	-0.01	0.0985	-0.0016	-0.0166	0.1933	-0.0013	-0.0021	-0.0016	0.2638	0.0244	0.0014	-0.0024	-0.0082	0.0031
z_PHECODE_MULTIPLE_SCLEROSIS	0.0045	0.0131	0.0084	0.0133	-0.0008	-0.0063	0.0056	0.0145	0.0019	0.0111	-0.0078	0.0034	0.0138	0.0035	-0.0033	0.0254	0.0212	-0.0039	0.0177	0.0113	-0.0008	-0.0013	-0.0035	1.0119	-0.0056	0.0022	0.0004	0.0011	0.0039	0.0024	0.0092	0.0074	0.0019	0.018	0.0106	-0.0031	-0.0121	0.0126	-0.0012	-0.0045	0.0085	0.0007	-0.016	-0.0115	0.008	0.005	-0.0057	-0.0088	0.011	-0.0064	0.0013	0.0061	-0.0145	0.0123	-0.0115	0.0009	0.0107	-0.0019	-0.0203	0.0017	-0.0077	-0.0093	0.0111	0.0045	0.0022	-0.002	0.0102	0.0109	-0.0155	-0.0031	0.014	0.0073	-0.0181	-0.0291	0.0202	0.0159	-0.018	0.0052
z_BIOMARKERS_DIRECT_BILIRUBIN	0.0479	0.0193	0.0092	0.0152	0.0122	-0.0389	-0.2181	-0.0182	-0.0317	-0.0231	-0.2836	0.0043	-0.007	0.0373	0.0056	-0.0412	0.0034	-0.0026	0.0082	-0.0629	0.0211	0.0763	0.0271	-0.0056	1.3431	-0.0042	-0.0006	-0.0012	-0.0136	-0.2914	-0.015	-0.0523	-0.0017	-0.1493	-0.0108	0.023	0.0651	0.0233	0.0973	-0.2933	-0.0129	0.0876	1.0878	0.0865	-0.0092	0.1161	0.0563	-0.2835	0.0134	-0.0125	-0.0068	-0.0175	-0.0524	-0.0012	0.1248	-0.002	-0.017	-0.0093	0.0079	-0.0855	0.0111	0.1053	-0.0002	-0.0086	-0.0043	0.0032	0.018	0.0517	0.0166	-0.0301	0.0085	-0.0056	0.1016	0.0421	-0.005	0.0045	0.0727	-0.0096
z_PHECODE_GLAUCOMA	0.0087	0.0085	0.02	0.0124	0.009	8.9756e-05	0.0165	0.0325	-0.0066	0.0171	-0.011	0.1575	9.4009e-05	0.009	-0.0002	0.0076	0.0267	-0.0023	0.0354	0.0088	0.0057	-0.0003	-0.0103	0.0022	-0.0042	1.0401	0.0102	0.0089	0.0072	-0.0017	0.0035	-0.0133	0.0027	0.0021	0.0066	-0.0019	-0.0102	0.0193	0.0069	-0.0102	0.0132	-0.0119	-0.0085	-0.0055	0.0104	-0.0051	-0.0009	-0.0122	0.0212	0.013	0.0017	0.0221	0.0011	0.008	-0.0083	0.0068	0.024	0.0068	0.0024	0.0033	0.002	-0.0056	0.0067	0.0014	0.0115	0.0085	0.0144	0.02	0.0018	-0.005	0.0033	0.0114	-0.0071	-0.0104	0.0293	0.0005	0.0006	0.0057
z_CATEGORICAL_EYE_PROBLEMS_DISORDERS-MACULAR_DEGENERATION	-0.0004	0.0057	0.0149	-0.0049	0.0033	0.0003	0.003	0.0142	-0.0024	0.0107	-0.0061	0.0301	0.0121	0.007	0.0043	-0.0057	0.0118	-0.0071	0.0075	0.003	-0.0007	0.017	-0.0151	0.0004	-0.0006	0.0102	1.0078	0.0097	0.0111	-0.0016	0.0017	-0.0197	-0.002	0.0058	0.0099	-0.0023	-0.0086	0.0008	-0.0012	-0.0068	0.008	0.0036	-0.0077	0.0027	0.0058	-0.0122	-0.0091	-0.0049	0.0123	-0.0059	-7.331e-05	0.0067	0.005	0.0067	-0.0194	0.0023	0.0031	0.0052	-0.0057	0.0044	0.0015	0.0029	0.0004	0.0087	0.0018	-0.0006	-0.0008	0.0046	-0.0053	0.0026	-0.0052	0.0025	-0.0038	0.0042	0.0073	-0.0022	0.001	0.001
z_CATEGORICAL_HEARING_AID_USER	0.0228	0.0257	0.0262	0.0297	1.2349e-05	0.0058	0.0209	0.0362	0.009	0.0256	-0.0126	0.018	0.0331	0.037	0.0073	-0.0003	0.0158	0.0035	0.0411	0.0246	0.0274	0.0011	-0.0087	0.0011	-0.0012	0.0089	0.0097	1.0303	0.0208	0.0327	0.0126	-0.003	0.0002	0.0384	0.0126	0.0212	-0.0351	0.0349	-0.0132	-0.0069	0.0238	-0.0215	-0.0166	-0.041	0.0227	-0.0478	-0.0086	-0.0201	0.0198	-0.0171	0.0007	0.0298	0.0103	0.014	-0.0157	0.0041	0.017	0.0154	-0.0011	0.0499	0.0005	-0.0463	0.0092	0.0194	0.0024	0.0015	0.0279	0.012	0.0166	-0.0049	0.0069	0.0088	0.001	0.0003	0.0232	0.0062	-0.02	0.005
z_CATEGORICAL_NON-CANCER_ILLNESS_CODE_SELF-REPORTED-EMPHYSEMA_CHRONIC_BRONCHITIS	0.0413	0.0352	0.0354	0.0471	-0.0016	-0.0008	0.0448	0.1404	0.0044	0.049	-0.0188	0.0295	0.0732	0.0575	0.0086	-0.0036	0.0387	-0.0013	0.0537	0.0561	0.0171	-0.0242	-0.0065	0.0039	-0.0136	0.0072	0.0111	0.0208	1.0235	0.0317	0.0212	-0.0012	0.0057	0.0936	0.0239	0.0186	-0.1182	0.0698	-0.007	-0.0073	0.0554	-0.0166	-0.0404	-0.0302	0.0431	-0.0383	-0.0063	-0.0235	0.0225	-0.0391	0.0148	0.0519	-0.0163	0.0045	-0.0339	-0.0025	0.0459	0.1095	-0.0187	0.0543	-0.0053	-0.0386	0.0082	0.0227	0.0075	0.0107	0.0519	0.0276	0.031	-0.0008	0.0054	0.0155	0.004	0.0012	0.0452	0.003	-0.0364	0.0532
z_BIOMARKERS_TRIGLYCERIDES	0.1553	0.0272	0.0772	0.4487	-0.0091	0.1642	0.258	0.0402	0.2063	0.0611	0.3915	0.026	0.3325	0.0507	0.0186	-0.051	-0.0172	-0.0067	0.1747	0.2459	0.1344	-0.0188	0.0812	0.0024	-0.2914	-0.0017	-0.0016	0.0327	0.0317	1.4912	0.0181	0.0185	-0.0009	0.3761	0.0317	0.3896	-0.1216	0.0859	-0.2098	0.5001	0.064	-0.5183	-0.2763	-0.4226	0.027	-0.1156	0.1321	0.3575	0.0337	-0.0449	0.0085	0.0724	0.0775	0.0051	0.0339	0.008	0.0752	0.0114	0.0448	0.5122	-0.0279	-0.7533	0.0126	0.0324	0.0193	0.1207	0.0577	-0.0039	0.4081	-0.0611	0.004	0.0194	0.1607	0.0473	0.0522	-0.0221	-0.2554	0.0208
z_PHECODE_BIPOLAR	0.0043	0.015	0.0331	0.0054	0.0013	-0.0111	0.0055	0.0261	-0.0018	0.0071	-0.0052	0.006	0.0357	0.0033	0.0005	-0.0132	0.01	0.001	0.0234	0.0068	0.0063	-0.0145	-0.0165	0.0092	-0.015	0.0035	0.0017	0.0126	0.0212	0.0181	1.0144	0.0037	0.0055	0.0175	0.0083	-0.0119	-0.0219	0.0207	0.0012	-0.0006	0.0129	-8.7524e-05	-0.0266	-0.0156	0.0145	-0.013	-0.0027	-0.0071	0.0163	-0.0086	0.1118	0.0142	-0.0009	0.0192	-0.0171	0.0065	0.0125	0.0074	-0.0043	0.0222	0.0012	-0.0188	-0.0004	0.002	0.0086	-0.0039	0.0129	0.0163	0.008	0.0051	0.0053	0.0016	-0.0141	0.0146	0.0221	0.0238	-0.0189	0.0108
z_BIOMARKERS_PHOSPHATE	-0.0284	0.0027	-0.0066	-0.0095	0.0025	-0.1579	0.0895	-0.0035	-0.1207	-0.0069	0.0118	-0.0054	0.0413	0.0205	-0.0003	-0.0454	0.0063	-0.0007	-0.011	-0.0438	0.0335	-0.0867	0.1171	0.0074	-0.0523	-0.0133	-0.0197	-0.003	-0.0012	0.0185	0.0037	1.2834	0.0067	-0.0768	-0.0004	-0.0114	-5.3957e-05	0.0249	-0.0678	-0.0012	0.0067	0.0167	-0.0646	0.0805	0.0017	-0.0105	0.1947	0.0336	-0.0041	0.1115	0.0104	-0.0018	0.1137	0.0008	0.1466	-0.0124	0.0209	0.0029	-0.071	-0.1009	-0.0186	0.0849	-0.0126	-0.0081	-0.0006	-0.0941	0.018	0.0018	-0.0301	0.0072	0.0093	-0.0067	0.0296	0.0431	-0.0062	0.0028	0.0563	0.011
z_CATEGORICAL_NON-CANCER_ILLNESS_CODE_SELF-REPORTED-SEPTICAEMIA_SEPSIS	-0.0006	0.0107	0.005	0.0061	0.0026	-0.0026	0.0059	0.0031	-0.0022	0.0085	-0.001	0.0021	0.0127	0.0005	-0.001	-0.0074	0.0071	0.001	0.0065	0.0086	0.0015	-0.0022	0.0047	0.0019	-0.0017	0.0027	-0.002	0.0002	0.0057	-0.0009	0.0055	0.0067	0.9931	0.0048	0.0029	0.0033	-0.0006	0.0008	-0.0062	-5.8911e-05	0.0076	-0.0021	0.002	-0.003	0.013	0.0168	0.0017	-0.002	0.0005	-0.0042	0.0024	0.0093	0.0047	0.0014	-0.0011	-0.0057	0.0062	-0.0011	0.0004	0.0027	-0.0054	-0.002	0.0034	0.0041	-0.0037	0.002	-0.0025	0.0058	0.0037	0.0003	0.0041	0.0064	0.0062	0.0077	0.0082	0.0003	0.0025	0.0027
z_BIOMARKERS_C-REACTIVE_PROTEIN	0.1807	0.0536	0.0961	0.4559	-0.0121	0.1704	0.2488	0.115	0.2177	0.0906	0.0766	0.0304	0.443	0.0417	0.0203	-0.0588	0.0097	0.0114	0.1501	0.4288	0.0255	-0.0593	0.133	0.018	-0.1493	0.0021	0.0058	0.0384	0.0936	0.3761	0.0175	-0.0768	0.0048	1.4206	0.0599	0.2448	-0.2363	0.0874	-0.0811	0.1512	0.0813	-0.3575	-0.272	-0.2807	0.111	-0.1631	-0.0408	0.0125	0.0603	-0.3059	0.0124	0.0859	0.0338	0.0008	-0.2546	0.0094	0.0883	0.0574	0.0262	0.6561	-0.0227	-0.3793	0.0433	0.0408	0.0214	0.0827	0.057	0.0559	0.3866	0.0252	0.0098	0.0494	0.0891	0.057	0.0792	-0.0118	-0.1216	0.0594
z_PHECODE_ULCER_OF_ESOPHAGUS	0.0429	0.0204	0.0335	0.0464	-0.0024	0.0065	0.0288	0.0616	0.0156	0.3279	-0.0099	0.0128	0.0507	0.0303	0.0038	-0.0119	0.0349	0.0001	0.048	0.057	0.0251	-0.0456	0.0049	0.0106	-0.0108	0.0066	0.0099	0.0126	0.0239	0.0317	0.0083	-0.0004	0.0029	0.0599	1.0349	0.0219	-0.0341	0.0532	-0.0112	-0.0028	0.2177	-0.0289	-0.0332	-0.0284	0.0302	-0.0511	-0.0023	-0.0158	0.0188	-0.0164	0.0109	0.2582	-0.01	0.0079	-0.0323	-0.0016	0.0708	0.0121	-0.0143	0.0579	-0.0026	-0.0379	0.0257	0.0092	0.0179	0.0179	0.0417	0.0213	0.0174	-0.0034	0.0122	0.0174	0.0074	0.0099	0.0419	0.0089	-0.0111	0.0176
z_BIOMARKERS_ALANINE_AMINOTRANSFERASE	0.1686	0.0271	0.0182	0.755	-0.0103	0.1778	0.1962	0.0339	0.2089	0.0318	0.0763	0.0158	0.1295	0.0548	0.0084	0.0173	-0.0198	9.5377e-05	0.1557	0.2898	0.1497	-0.0047	0.1735	-0.0031	0.023	-0.0019	-0.0023	0.0212	0.0186	0.3896	-0.0119	-0.0114	0.0033	0.2448	0.0219	1.3104	-0.095	0.0612	-0.0742	0.142	0.0374	-0.3267	0.0209	-0.1428	0.017	-0.0843	0.1662	0.058	0.0447	-0.0778	-0.0063	0.0383	0.0428	-0.0025	0.1363	0.0097	0.0319	0.0047	0.0478	0.41	-0.0213	-0.2435	0.0021	0.0157	-0.0016	0.1317	0.04	0.0115	0.3116	-0.0275	0.0032	-0.0002	0.9055	-0.0206	0.0321	-0.0174	-0.1043	-0.0029
z_CONTINUOUS_FORCED_EXPIRATORY_VOLUME_IN_1-SECOND_BEST_MEASURE	-0.1153	-0.0583	-0.0509	-0.1473	0.0124	-0.0853	-0.1413	-0.1607	-0.046	-0.0348	0.0252	-0.0203	-0.1259	-0.0794	-0.0174	-0.0646	-0.0343	0.0039	-0.1113	-0.1159	-0.0711	0.4169	-0.027	-0.0121	0.0651	-0.0102	-0.0086	-0.0351	-0.1182	-0.1216	-0.0219	-5.3957e-05	-0.0006	-0.2363	-0.0341	-0.095	1.2729	-0.0957	0.0284	-0.0044	-0.0529	0.0968	0.1159	0.0625	-0.0438	0.6175	0.0117	0.0299	-0.0496	0.1267	-0.0226	-0.0348	0.0108	-0.0185	0.072	0.0024	-0.0337	-0.1043	0.0168	-0.1713	0.0089	0.0952	-0.0143	-0.0256	-0.0104	-0.0394	-0.0776	-0.0213	-0.0914	0.0016	-0.0041	-0.0206	-0.0338	0.0691	-0.0529	0.0037	0.0785	-0.0536
z_PHECODE_ISCHEMIC_HEART_DISEASE	0.1685	0.1017	0.1467	0.1006	-0.0017	0.012	0.1481	0.0996	-0.0206	0.0931	-0.1288	0.0525	0.1343	0.5151	0.0469	-0.0519	0.0485	0.0013	0.1974	0.0685	0.1755	-0.0371	0.0074	0.0126	0.0233	0.0193	0.0008	0.0349	0.0698	0.0859	0.0207	0.0249	0.0008	0.0874	0.0532	0.0612	-0.0957	1.0798	-0.0362	-0.0846	0.1152	-0.0696	-0.0276	-0.1421	0.0745	-0.0812	0.0135	-0.1512	0.1015	-0.0326	0.0148	0.1087	0.0421	0.0419	-0.0206	-0.0047	0.0733	0.036	-0.0049	0.1368	-0.0048	-0.1737	0.0275	0.0257	0.0056	0.0498	0.7124	0.2162	0.0873	0.0343	0.013	0.0125	0.0355	0.0525	0.0874	0.023	-0.0448	0.0345
z_BIOMARKERS_TESTOSTERONE	-0.0517	-0.0137	-0.0261	-0.0422	0.0002	-0.0095	-0.1043	-0.0319	0.0045	-0.0022	0.0505	-0.009	0.0008	-0.0332	0.0032	0.0263	-0.0046	-0.0028	-0.0712	-0.0008	-0.0676	-0.0299	0.0514	-0.0012	0.0973	0.0069	-0.0012	-0.0132	-0.007	-0.2098	0.0012	-0.0678	-0.0062	-0.0811	-0.0112	-0.0742	0.0284	-0.0362	1.1246	0.0276	-0.0069	0.3448	0.1291	0.0857	-0.0083	-0.029	0.0162	0.0458	-0.0204	-0.0007	0.0023	-0.0118	-0.1069	-0.0038	-0.0008	0.0111	-0.0232	-0.0084	0.0082	-0.1002	0.0349	0.1286	-0.0101	-0.0059	-0.011	-0.068	-0.0245	0.0005	-0.0684	0.0076	0.0014	-0.0105	-0.019	-0.0241	-0.0119	0.004	0.0318	-0.0051
z_BIOMARKERS_APOLIPOPROTEIN_B	-0.1179	-0.088	-0.0493	0.1936	-0.0036	0.1311	0.0185	-0.0122	0.1938	0.0029	1.2782	-0.0202	0.0568	-0.1236	-0.012	0.0375	-0.0264	-0.0075	-0.131	0.0672	-0.1411	-0.0285	0.2038	-0.0045	-0.2933	-0.0102	-0.0068	-0.0069	-0.0073	0.5001	-0.0006	-0.0012	-5.8911e-05	0.1512	-0.0028	0.142	-0.0044	-0.0846	0.0276	1.3432	-0.0171	-0.1205	-0.0296	-0.0977	-0.0144	-0.0741	0.1748	1.2051	-0.0812	-0.0122	-0.0094	0.0065	-0.0128	-0.0038	0.1348	-0.0036	-0.0009	-0.011	0.0117	0.1254	-0.022	-0.0905	-0.0135	0.003	0.0037	-0.0241	-0.0573	-0.0621	0.1601	0.1138	-0.006	-0.0242	0.0501	-0.0381	-0.0126	-0.0161	-0.1148	-0.0035
z_ICD10_K29_GASTRITIS_AND_DUODENITIS	0.0653	0.0407	0.0824	0.0761	0.002	0.0013	0.0617	0.1	0.0072	0.4028	-0.0331	0.0242	0.092	0.0914	0.0109	-0.0181	0.0637	0.0028	0.1073	0.0678	0.0628	-0.0574	0.0081	0.0085	-0.0129	0.0132	0.008	0.0238	0.0554	0.064	0.0129	0.0067	0.0076	0.0813	0.2177	0.0374	-0.0529	0.1152	-0.0069	-0.0171	1.0596	-0.0319	-0.0498	-0.0558	0.0666	-0.069	0.0013	-0.0422	0.0499	-0.0494	0.0095	0.3162	-0.0004	0.0236	-0.0332	-0.0023	0.1461	0.0303	-0.0093	0.0789	0.0011	-0.0723	0.0391	0.0395	0.0279	0.0309	0.0845	0.0452	0.0365	-0.0011	0.0218	0.0401	0.0297	0.0176	0.0839	0.011	-0.0249	0.0241
z_BIOMARKERS_SHBG	-0.1962	-0.04	-0.0671	-0.3438	0.004	-0.1668	-0.3364	-0.047	-0.1965	-0.0471	-0.0483	-0.0181	-0.1844	-0.0631	-0.0094	0.1072	0.0516	0.01	-0.2001	-0.1505	-0.1475	-0.023	-0.0835	0.0007	0.0876	-0.0119	0.0036	-0.0215	-0.0166	-0.5183	-8.7524e-05	0.0167	-0.0021	-0.3575	-0.0289	-0.3267	0.0968	-0.0696	0.3448	-0.1205	-0.0319	1.46	0.0936	0.3947	-0.0109	0.0627	-0.0783	0.0172	-0.0412	-0.2147	0.0077	-0.0466	-0.1449	0.0044	-0.0488	-0.0082	-0.0535	-0.0105	-0.092	-0.5643	0.1004	0.516	-0.0134	-0.0177	-0.0108	-0.1842	-0.0415	-0.0032	-0.4524	0.002	-0.0043	-0.0121	-0.059	-0.1105	-0.0346	0.0111	0.1307	-0.0071
z_BIOMARKERS_TOTAL_BILIRUBIN	-0.0059	-0.0189	-0.0264	-0.0245	0.0157	-0.0332	-0.3344	-0.0506	-0.0064	-0.0545	-0.0174	-0.0115	-0.0584	-0.0115	0.0005	-0.0566	-0.0161	0.0017	-0.0687	-0.1431	-0.0162	0.1075	0.0947	-0.016	1.0878	-0.0085	-0.0077	-0.0166	-0.0404	-0.2763	-0.0266	-0.0646	0.002	-0.272	-0.0332	0.0209	0.1159	-0.0276	0.1291	-0.0296	-0.0498	0.0936	1.4858	0.1405	-0.038	0.179	0.1409	-0.02	-0.0232	0.0613	-0.022	-0.0447	-0.0921	-0.0069	0.2635	-0.0114	-0.0384	-0.0297	0.0248	-0.1747	0.0105	0.1791	-0.0127	-0.0178	-0.0066	-0.0366	-0.0181	0.0279	0.0299	-0.0058	0.0011	-0.0214	0.1218	0.0605	-0.0261	0.0012	0.1037	-0.0321
z_BIOMARKERS_APOLIPOPROTEIN_A	-0.0998	-0.0503	-0.0762	-0.0209	0.005	0.0571	-0.1878	-0.0227	0.0143	-0.055	0.0632	-0.026	-0.3027	-0.1119	-0.023	0.0652	0.0078	-0.0179	-0.177	-0.1563	-0.0635	-0.0683	0.1214	-0.0115	0.0865	-0.0055	0.0027	-0.041	-0.0302	-0.4226	-0.0156	0.0805	-0.003	-0.2807	-0.0284	-0.1428	0.0625	-0.1421	0.0857	-0.0977	-0.0558	0.3947	0.1405	1.4931	-0.0499	0.0063	0.1839	0.3783	-0.0571	0.0057	-0.0106	-0.0589	-0.0206	-0.0237	0.238	-0.0005	-0.0446	-0.0067	-0.0349	-0.4143	0.0309	1.4666	-0.0043	-0.0243	-0.0049	-0.0347	-0.1093	-0.0459	-0.1761	-6.9737e-05	-0.0123	-0.0079	0.0565	-0.0638	-0.0463	-0.0042	0.0908	-0.0242
z_PHECODE_RHEUMATOID_ARTHRITIS	0.0445	0.0251	0.0584	0.0421	0.004	0.0099	0.0078	0.0768	0.0121	0.0654	-0.0246	0.0198	0.0949	0.0456	0.0103	0.0017	0.1021	0.0887	0.0603	0.0566	0.0311	-0.0175	0.0176	0.008	-0.0092	0.0104	0.0058	0.0227	0.0431	0.027	0.0145	0.0017	0.013	0.111	0.0302	0.017	-0.0438	0.0745	-0.0083	-0.0144	0.0666	-0.0109	-0.038	-0.0499	1.0304	-0.0249	-0.01	-0.0338	0.0344	-0.0287	0.0064	0.0632	0.0187	0.0145	-0.0527	0.0063	0.0474	0.0159	-0.0251	0.0703	0.0017	-0.0538	0.031	0.0198	0.0052	0.0106	0.0562	0.0445	0.0302	0.0031	0.0072	0.027	0.0115	-0.0034	0.0655	0.011	-0.0064	0.0166
z_CONTINUOUS_STANDING_HEIGHT	-0.1125	-0.0504	-0.0261	-0.1483	0.0246	-0.1436	-0.0734	-0.0513	-0.077	-0.0719	-0.0432	0.0148	0.0234	-0.0884	-0.012	-0.096	-0.0424	0.0102	-0.0521	-0.1026	-0.0966	1.3972	-0.0808	0.005	0.1161	-0.0051	-0.0122	-0.0478	-0.0383	-0.1156	-0.013	-0.0105	0.0168	-0.1631	-0.0511	-0.0843	0.6175	-0.0812	-0.029	-0.0741	-0.069	0.0627	0.179	0.0063	-0.0249	2.3254	-0.0553	-0.0512	-0.0116	0.1168	-0.0065	-0.0653	0.0055	-0.0229	-0.0128	0.0291	-0.0262	-0.0189	-0.0512	-0.2115	-0.0076	0.0298	-0.0117	-0.044	0.0079	-0.018	-0.0688	0.0841	-0.0291	-0.005	-0.0026	-0.0174	-0.059	0.1014	-0.0263	-0.0023	0.0244	-0.009
z_BIOMARKERS_CALCIUM	0.093	0.0034	0.0021	0.1994	-0.0055	0.1274	0.0624	-0.0133	0.1101	0.0007	0.1793	-0.0065	0.08	0.0134	0.0016	-0.0907	0.0074	-0.0114	0.0436	0.0838	0.0774	-0.0557	0.6911	-0.0057	0.0563	-0.0009	-0.0091	-0.0086	-0.0063	0.1321	-0.0027	0.1947	0.0017	-0.0408	-0.0023	0.1662	0.0117	0.0135	0.0162	0.1748	0.0013	-0.0783	0.1409	0.1839	-0.01	-0.0553	1.2947	0.2111	0.0003	0.1413	-0.0062	0.0115	0.0738	-0.0024	0.7013	-0.0023	0.0034	-0.0041	-0.0146	-0.024	-0.0247	0.1495	-0.0068	-0.0011	-0.0003	0.1557	0.0061	-0.0233	0.18	-0.0133	-0.0009	-0.0198	0.1792	0.093	0.0046	-0.0145	0.0861	0.0065
z_BIOMARKERS_CHOLESTEROL	-0.1873	-0.1108	-0.0811	0.1582	-0.0034	0.1253	-0.0674	-0.0231	0.167	-0.0232	1.2616	-0.0305	-0.0649	-0.181	-0.0193	0.0583	-0.0207	-0.0132	-0.2184	0.0268	-0.2062	-0.0383	0.2132	-0.0088	-0.2835	-0.0122	-0.0049	-0.0201	-0.0235	0.3575	-0.0071	0.0336	-0.002	0.0125	-0.0158	0.058	0.0299	-0.1512	0.0458	1.2051	-0.0422	0.0172	-0.02	0.3783	-0.0338	-0.0512	0.2111	1.322	-0.1087	0.0264	-0.0119	-0.0208	-0.0131	-0.0092	0.1932	-0.0068	-0.0243	-0.0178	-0.0156	-0.0599	-0.0158	0.4369	-0.0191	-0.0067	0.0008	-0.0588	-0.1115	-0.082	0.0466	0.1021	-0.0128	-0.0315	0.0602	-0.0589	-0.0356	-0.0149	-0.0969	-0.0137
z_PHECODE_TYPE_1_DIABETES	0.0852	0.0417	0.1041	0.0537	-0.0037	0.014	0.2532	0.044	-0.0297	0.0391	-0.1051	0.0701	0.0636	0.0778	0.0116	-0.0043	0.0187	0.0056	0.3342	0.0563	0.0731	0.0023	-0.0125	0.011	0.0134	0.0212	0.0123	0.0198	0.0225	0.0337	0.0163	-0.0041	0.0005	0.0603	0.0188	0.0447	-0.0496	0.1015	-0.0204	-0.0812	0.0499	-0.0412	-0.0232	-0.0571	0.0344	-0.0116	0.0003	-0.1087	1.0246	-0.0554	0.01	0.0307	0.0405	0.0298	-0.0424	0.0079	0.0205	0.0117	0.0008	0.0952	-0.0029	-0.0754	0.0204	-0.0011	0.0082	0.1415	0.0815	0.0429	0.0072	-0.0057	0.0107	0.0124	0.0053	0.0031	0.0436	0.006	-0.0437	0.0194
z_BIOMARKERS_IGF-1	-0.0394	-0.0223	-0.0109	-0.1269	0.0099	-0.0178	-0.0432	-0.0455	-0.033	-0.0365	0.0243	-0.0182	-0.0441	-0.0268	-0.0069	-0.095	-0.0296	-0.0003	-0.0774	-0.0043	-0.0139	0.0872	0.0213	-0.0064	-0.0125	0.013	-0.0059	-0.0171	-0.0391	-0.0449	-0.0086	0.1115	-0.0042	-0.3059	-0.0164	-0.0778	0.1267	-0.0326	-0.0007	-0.0122	-0.0494	-0.2147	0.0613	0.0057	-0.0287	0.1168	0.1413	0.0264	-0.0554	1.5439	0.0016	-0.0267	0.1056	-0.0084	0.1573	-0.0039	-0.0266	-0.016	0.0239	-0.1773	-0.0033	0.0462	-0.004	-0.0187	0.0095	-0.0338	-0.0174	-0.0313	-0.0979	0.0538	-0.0104	-0.0065	-0.1717	0.0987	-0.0332	0.0127	0.108	-0.0155
z_ICD10_F20_SCHIZOPHRENIA	0.003	0.0068	0.0075	0.0053	-0.0058	-0.016	0.015	0.0131	-0.0074	0.0124	-0.012	0.0048	0.0211	0.0054	-0.0002	-0.0008	0.0047	0.0051	0.0219	0.0154	0.0093	-0.0143	-0.0087	0.0013	-0.0068	0.0017	-7.331e-05	0.0007	0.0148	0.0085	0.1118	0.0104	0.0024	0.0124	0.0109	-0.0063	-0.0226	0.0148	0.0023	-0.0094	0.0095	0.0077	-0.022	-0.0106	0.0064	-0.0065	-0.0062	-0.0119	0.01	0.0016	0.9984	0.0108	-0.0117	0.0149	-0.0085	0.005	0.0057	0.0085	-0.0074	-0.001	0.0023	-0.0095	0.0006	-0.0009	0.0013	0.0054	0.0082	0.0065	-0.007	0.0025	0.005	0.0119	-0.004	0.0002	0.0108	0.022	-0.0219	0.0104
z_ICD10_K21_GASTRO-OESOPHAGEAL_REFLUX_DISEASE	0.056	0.0346	0.0644	0.0663	0.0078	0.005	0.0449	0.1213	0.0231	0.3985	-0.0072	0.0256	0.0733	0.0701	0.0052	-0.0148	0.0629	-0.0004	0.0779	0.0666	0.0512	-0.0534	0.0012	0.0061	-0.0175	0.0221	0.0067	0.0298	0.0519	0.0724	0.0142	-0.0018	0.0093	0.0859	0.2582	0.0383	-0.0348	0.1087	-0.0118	0.0065	0.3162	-0.0466	-0.0447	-0.0589	0.0632	-0.0653	0.0115	-0.0208	0.0307	-0.0267	0.0108	1.0585	-0.0016	0.0143	-0.0281	0.0148	0.1117	0.0238	-0.0097	0.1088	-0.0022	-0.0773	0.0326	0.0346	0.0199	0.0266	0.0734	0.0415	0.0315	0.0022	0.024	0.0247	0.0114	0.0138	0.0982	0.0143	-0.0136	0.0241
z_BIOMARKERS_UREA	0.0751	0.013	0.1528	0.0017	0.0066	-0.0469	0.0792	-0.0017	-0.0594	0.0055	-0.0106	0.0074	0.3785	0.0329	0.0263	-0.5388	-0.0221	0.0021	0.0458	0.0078	0.0476	0.0138	0.0086	-0.0145	-0.0524	0.0011	0.005	0.0103	-0.0163	0.0775	-0.0009	0.1137	0.0047	0.0338	-0.01	0.0428	0.0108	0.0421	-0.1069	-0.0128	-0.0004	-0.1449	-0.0921	-0.0206	0.0187	0.0055	0.0738	-0.0131	0.0405	0.1056	-0.0117	-0.0016	1.2778	-0.007	0.0118	-0.0009	0.0135	-0.0155	0.0389	0.1137	-0.0361	-0.0407	-0.0123	0.0052	-0.0054	0.024	0.0297	0.035	0.3127	0.014	0.0031	-0.011	0.009	0.5522	0.006	0.0033	0.1065	-0.0237
z_PHECODE_DEMENTIAS	0.0206	0.0286	0.0487	0.0102	0.0007	0.0059	0.0161	0.0206	-0.0025	0.0172	-0.0091	0.0127	0.019	0.0245	0.0099	-0.0004	0.0323	-0.0006	0.0445	0.0106	0.0238	-0.0112	-0.0028	0.0123	-0.0012	0.008	0.0067	0.014	0.0045	0.0051	0.0192	0.0008	0.0014	0.0008	0.0079	-0.0025	-0.0185	0.0419	-0.0038	-0.0038	0.0236	0.0044	-0.0069	-0.0237	0.0145	-0.0229	-0.0024	-0.0092	0.0298	-0.0084	0.0149	0.0143	-0.007	1.005	-0.0103	0.004	0.0088	0.0059	-0.0092	0.0105	-0.0018	-0.0197	0.0054	0.0093	0.0053	0.0067	0.0375	0.0324	0.0024	-0.0015	0.0033	0.002	0.008	-0.001	0.0205	0.1398	-0.0136	0.0019
z_BIOMARKERS_ALBUMIN	0.0424	-0.021	-0.0513	0.1373	0.0002	0.1593	-0.0656	-0.0534	0.1116	-0.0407	0.1483	-0.0216	-0.1629	-0.0052	-0.0023	0.021	-0.0235	-0.0256	-0.0253	-0.0169	0.079	-0.0394	0.6668	-0.0115	0.1248	-0.0083	-0.0194	-0.0157	-0.0339	0.0339	-0.0171	0.1466	-0.0011	-0.2546	-0.0323	0.1363	0.072	-0.0206	-0.0008	0.1348	-0.0332	-0.0488	0.2635	0.238	-0.0527	-0.0128	0.7013	0.1932	-0.0424	0.1573	-0.0085	-0.0281	0.0118	-0.0103	1.3214	-0.0129	-0.0246	-0.0243	-0.0093	-0.1937	-0.0337	0.2138	-0.0319	-0.0016	-0.011	0.0693	-0.0181	-0.0513	0.0179	-0.0454	-0.0052	-0.0376	0.1724	-0.0212	-0.0284	-0.0054	0.0386	-0.0225
z_PHECODE_BREAST_CANCER	0.0062	-0.0029	0.007	0.0222	0.0156	0.0114	0.006	0.0212	0.0162	0.0041	-0.0055	-0.0031	0.0161	-0.0065	-0.0031	0.0023	0.0254	-0.0058	0.0112	0.0029	0.0008	0.0234	-0.0026	0.0009	-0.002	0.0068	0.0023	0.0041	-0.0025	0.008	0.0065	-0.0124	-0.0057	0.0094	-0.0016	0.0097	0.0024	-0.0047	0.0111	-0.0036	-0.0023	-0.0082	-0.0114	-0.0005	0.0063	0.0291	-0.0023	-0.0068	0.0079	-0.0039	0.005	0.0148	-0.0009	0.004	-0.0129	1.0467	0.0093	0.0023	-0.008	0.0121	0.0004	-0.0077	0.001	-0.0028	0.0102	0.0093	-0.0024	0.0106	0.0237	-0.0008	0.0015	-0.0015	0.0065	-0.0026	0.0297	0.0022	-0.0079	0.0183
z_ICD10_K57_DIVERTICULAR_DISEASE_OF_INTESTINE	0.0654	0.0267	0.0637	0.0577	0.0101	0.0076	0.0551	0.0887	0.0326	0.1461	-0.0168	0.0214	0.072	0.047	0.0062	-0.0052	0.0481	0.004	0.0856	0.0372	0.0435	-0.0179	3.2456e-05	0.0107	-0.017	0.024	0.0031	0.017	0.0459	0.0752	0.0125	0.0209	0.0062	0.0883	0.0708	0.0319	-0.0337	0.0733	-0.0232	-0.0009	0.1461	-0.0535	-0.0384	-0.0446	0.0474	-0.0262	0.0034	-0.0243	0.0205	-0.0266	0.0057	0.1117	0.0135	0.0088	-0.0246	0.0093	1.0783	0.0206	0.0043	0.0965	-0.0054	-0.0666	0.0827	0.0273	0.0886	0.0129	0.0485	0.0418	0.0618	0.0037	0.0146	0.0263	0.0056	0.0051	0.0768	0.0029	-0.0173	0.0175
z_CATEGORICAL_NON-CANCER_ILLNESS_CODE_SELF-REPORTED-CHRONIC_OBSTRUCTIVE_AIRWAYS_DISEASE_COPD	0.0143	0.0143	0.0229	0.0312	-0.0026	-0.0054	0.0352	0.0849	-0.0062	0.0248	-0.0167	0.024	0.0343	0.032	0.0166	0.0084	0.0404	0.0005	0.0347	0.0291	0.0167	-0.0173	-0.0074	-0.0019	-0.0093	0.0068	0.0052	0.0154	0.1095	0.0114	0.0074	0.0029	-0.0011	0.0574	0.0121	0.0047	-0.1043	0.036	-0.0084	-0.011	0.0303	-0.0105	-0.0297	-0.0067	0.0159	-0.0189	-0.0041	-0.0178	0.0117	-0.016	0.0085	0.0238	-0.0155	0.0059	-0.0243	0.0023	0.0206	1.0027	-0.0117	0.0293	-0.0006	-0.0101	0.0078	0.0195	0.0042	0.0076	0.027	0.0164	0.0153	-0.0004	0.0014	0.0127	-0.0043	-0.0094	0.0225	-0.0013	-0.0237	0.0395
z_CONTINUOUS_HEEL_BONE_MINERAL_DENSITY	0.0254	-0.0141	0.0036	0.013	-2.4634e-06	0.0511	0.016	-0.0015	0.0373	-0.0105	-0.0032	-0.0044	0.0075	-0.0053	-0.0017	-0.0625	-0.1314	-0.0074	0.0307	-0.066	0.0075	0.0055	-0.0126	-0.0203	0.0079	0.0024	-0.0057	-0.0011	-0.0187	0.0448	-0.0043	-0.071	0.0004	0.0262	-0.0143	0.0478	0.0168	-0.0049	0.0082	0.0117	-0.0093	-0.092	0.0248	-0.0349	-0.0251	-0.0512	-0.0146	-0.0156	0.0008	0.0239	-0.0074	-0.0097	0.0389	-0.0092	-0.0093	-0.008	0.0043	-0.0117	1.4297	0.118	0.0097	-0.059	-0.0192	0.0008	-0.0151	0.0072	-0.0026	-0.0137	0.0782	-0.0006	0.0033	-0.0133	0.0264	0.0638	-0.0041	-0.0112	0.0209	-0.0178
z_CONTINUOUS_BODY_MASS_INDEX	0.3401	0.0754	0.1176	0.4237	-0.0263	0.2675	0.3232	0.1166	0.3914	0.1114	0.0364	0.0407	0.4996	0.1125	0.025	-0.1467	-0.0516	-0.0017	0.2823	0.2519	0.1656	-7.82e-05	0.0409	0.0017	-0.0855	0.0033	0.0044	0.0499	0.0543	0.5122	0.0222	-0.1009	0.0027	0.6561	0.0579	0.41	-0.1713	0.1368	-0.1002	0.1254	0.0789	-0.5643	-0.1747	-0.4143	0.0703	-0.2115	-0.024	-0.0599	0.0952	-0.1773	-0.001	0.1088	0.1137	0.0105	-0.1937	0.0121	0.0965	0.0293	0.118	1.5709	-0.0319	-0.5637	0.0144	0.0475	0.0141	0.1898	0.0891	0.0827	0.5607	0.0055	0.0225	0.0004	0.1255	0.1479	0.0861	-0.0011	-0.2241	0.0169
z_BIOMARKERS_OESTRADIOL	-0.0065	-0.0041	-0.0039	-0.0333	-0.0047	-0.0096	-0.0317	-0.0064	-0.015	-0.0034	-0.0234	-0.0035	-0.0268	-0.0017	-0.0009	0.0177	-0.0019	0.0043	-0.0102	-0.0398	-0.0064	-0.0044	-0.0315	-0.0077	0.0111	0.002	0.0015	0.0005	-0.0053	-0.0279	0.0012	-0.0186	-0.0054	-0.0227	-0.0026	-0.0213	0.0089	-0.0048	0.0349	-0.022	0.0011	0.1004	0.0105	0.0309	0.0017	-0.0076	-0.0247	-0.0158	-0.0029	-0.0033	0.0023	-0.0022	-0.0361	-0.0018	-0.0337	0.0004	-0.0054	-0.0006	0.0097	-0.0319	1.0186	0.028	-6.8418e-05	-0.0004	-5.3536e-05	-0.0276	-0.0039	-0.0016	-0.0265	0.0044	0.0018	-0.002	-0.0068	-0.017	-0.0016	0.001	0.0088	-0.0005
z_BIOMARKERS_HDL_CHOLESTEROL	-0.1825	-0.0675	-0.1035	-0.1403	0.004	-0.0046	-0.2508	-0.036	-0.0542	-0.0729	0.1071	-0.0364	-0.4155	-0.1442	-0.0281	0.0766	0.0149	-0.0183	-0.2446	-0.1929	-0.14	-0.0673	0.0942	-0.0093	0.1053	-0.0056	0.0029	-0.0463	-0.0386	-0.7533	-0.0188	0.0849	-0.002	-0.3793	-0.0379	-0.2435	0.0952	-0.1737	0.1286	-0.0905	-0.0723	0.516	0.1791	1.4666	-0.0538	0.0298	0.1495	0.4369	-0.0754	0.0462	-0.0095	-0.0773	-0.0407	-0.0197	0.2138	-0.0077	-0.0666	-0.0101	-0.059	-0.5637	0.028	1.6339	-0.0134	-0.0325	-0.0071	-0.0815	-0.1308	-0.0491	-0.2965	0.0232	-0.0138	-0.0197	0.0141	-0.0757	-0.0657	0.001	0.1299	-0.0262
z_PHECODE_ULCERATIVE_COLITIS	0.0097	0.0101	0.0222	0.0138	0.0041	-0.0055	0.0185	0.0387	0.0023	0.0353	-0.0181	0.0064	0.0235	0.0211	0.0015	0.0049	0.0359	0.0046	0.0349	0.0384	0.0039	-0.0109	0.0102	0.0111	-0.0002	0.0067	0.0004	0.0092	0.0082	0.0126	-0.0004	-0.0126	0.0034	0.0433	0.0257	0.0021	-0.0143	0.0275	-0.0101	-0.0135	0.0391	-0.0134	-0.0127	-0.0043	0.031	-0.0117	-0.0068	-0.0191	0.0204	-0.004	0.0006	0.0326	-0.0123	0.0054	-0.0319	0.001	0.0827	0.0078	-0.0192	0.0144	-6.8418e-05	-0.0134	1.0249	0.0077	0.0248	0.0078	0.0225	0.0131	-0.0066	0.0065	0.0042	0.192	0.0091	-0.0053	0.0324	0.0008	0.0001	0.0104
z_CATEGORICAL_NON-CANCER_ILLNESS_CODE_SELF-REPORTED-CERVICAL_SPONDYLOSIS	0.0185	0.0164	0.0092	0.033	0.0004	0.0011	0.0104	0.0335	0.0048	0.0308	-0.0026	0.0066	0.0325	0.0236	0.0039	-0.0021	0.017	0.0022	0.0232	0.0193	0.0193	-0.0149	0.0025	0.0045	-0.0086	0.0014	0.0087	0.0194	0.0227	0.0324	0.002	-0.0081	0.0041	0.0408	0.0092	0.0157	-0.0256	0.0257	-0.0059	0.003	0.0395	-0.0177	-0.0178	-0.0243	0.0198	-0.044	-0.0011	-0.0067	-0.0011	-0.0187	-0.0009	0.0346	0.0052	0.0093	-0.0016	-0.0028	0.0273	0.0195	0.0008	0.0475	-0.0004	-0.0325	0.0077	1.0132	-0.0012	0.0013	0.0123	0.007	0.0098	-0.0021	0.0043	0.005	0.009	0.0031	0.0185	0.0057	-0.005	0.0065
z_PHECODE_COLORECTAL_CANCER	0.0123	0.0056	0.0181	0.013	0.0152	0.008	0.0087	0.0247	0.0054	0.0219	-0.0017	0.0028	0.0154	0.0025	0.0023	0.0016	0.0056	0.0021	0.0292	0.0195	0.0093	0.0064	-0.01	0.0022	-0.0043	0.0115	0.0018	0.0024	0.0075	0.0193	0.0086	-0.0006	-0.0037	0.0214	0.0179	-0.0016	-0.0104	0.0056	-0.011	0.0037	0.0279	-0.0108	-0.0066	-0.0049	0.0052	0.0079	-0.0003	0.0008	0.0082	0.0095	0.0013	0.0199	-0.0054	0.0053	-0.011	0.0102	0.0886	0.0042	-0.0151	0.0141	-5.3536e-05	-0.0071	0.0248	-0.0012	1.0349	0.0117	0.0064	0.021	0.0095	-0.0032	-0.0015	0.0058	-0.008	-0.0004	0.0235	0.002	-0.0136	0.0358
z_BIOMARKERS_GLUCOSE	0.1424	0.0241	0.0477	0.1542	-0.0029	0.1572	0.3859	0.0166	0.0868	0.0256	-0.0557	0.0131	-0.0276	0.0522	0.0104	0.0237	-0.0057	-0.0038	0.2829	0.0671	0.0878	-0.0399	0.0985	-0.002	0.0032	0.0085	-0.0006	0.0015	0.0107	0.1207	-0.0039	-0.0941	0.002	0.0827	0.0179	0.1317	-0.0394	0.0498	-0.068	-0.0241	0.0309	-0.1842	-0.0366	-0.0347	0.0106	-0.018	0.1557	-0.0588	0.1415	-0.0338	0.0054	0.0266	0.024	0.0067	0.0693	0.0093	0.0129	0.0076	0.0072	0.1898	-0.0276	-0.0815	0.0078	0.0013	0.0117	1.1755	0.0349	0.0151	0.1032	-0.0162	0.0113	0.0009	0.0428	-0.0244	0.0218	0.0057	-0.0725	0.0033
z_PHECODE_MYOCARDIAL_INFARCTION	0.1077	0.0767	0.1214	0.0662	-0.0053	0.0012	0.1205	0.0612	-0.0163	0.0628	-0.0932	0.0405	0.1017	0.3305	0.0318	-0.0398	0.0289	0.0033	0.1494	0.0541	0.1211	-0.0292	-0.0016	0.0102	0.018	0.0144	-0.0008	0.0279	0.0519	0.0577	0.0129	0.018	-0.0025	0.057	0.0417	0.04	-0.0776	0.7124	-0.0245	-0.0573	0.0845	-0.0415	-0.0181	-0.1093	0.0562	-0.0688	0.0061	-0.1115	0.0815	-0.0174	0.0082	0.0734	0.0297	0.0375	-0.0181	-0.0024	0.0485	0.027	-0.0026	0.0891	-0.0039	-0.1308	0.0225	0.0123	0.0064	0.0349	1.0529	0.1546	0.0666	0.0335	0.0047	0.0131	0.0234	0.0398	0.058	0.0136	-0.0353	0.0329
z_ICD10_I48_ATRIAL_FIBRILLATION_AND_FLUTTER	0.0903	0.0734	0.1194	0.0512	0.0134	-0.0136	0.0414	0.0678	0.0019	0.0335	-0.0739	0.0389	0.0892	0.0955	0.0485	-0.0323	0.043	0.0031	0.0913	0.022	0.0366	0.0617	-0.0166	0.0109	0.0517	0.02	0.0046	0.012	0.0276	-0.0039	0.0163	0.0018	0.0058	0.0559	0.0213	0.0115	-0.0213	0.2162	0.0005	-0.0621	0.0452	-0.0032	0.0279	-0.0459	0.0445	0.0841	-0.0233	-0.082	0.0429	-0.0313	0.0065	0.0415	0.035	0.0324	-0.0513	0.0106	0.0418	0.0164	-0.0137	0.0827	-0.0016	-0.0491	0.0131	0.007	0.021	0.0151	0.1546	1.0621	0.0671	0.0047	0.0103	0.0103	0.0194	0.0321	0.0502	0.0151	-0.0154	0.0453
z_BIOMARKERS_URATE	0.2561	0.0515	0.155	0.3802	-0.0105	0.1406	0.1592	0.0461	0.1966	0.0436	0.0776	0.0309	0.6004	0.0575	0.0378	-0.452	-0.0351	0.0021	0.1066	0.1525	0.1057	0.0294	0.1933	-0.0155	0.0166	0.0018	-0.0053	0.0166	0.031	0.4081	0.008	-0.0301	0.0037	0.3866	0.0174	0.3116	-0.0914	0.0873	-0.0684	0.1601	0.0365	-0.4524	0.0299	-0.1761	0.0302	-0.0291	0.18	0.0466	0.0072	-0.0979	-0.007	0.0315	0.3127	0.0024	0.0179	0.0237	0.0618	0.0153	0.0782	0.5607	-0.0265	-0.2965	-0.0066	0.0098	0.0095	0.1032	0.0666	0.0671	1.4636	0.0003	-0.0034	0.0053	0.2137	0.4657	0.0446	-0.0177	-0.0668	0.0055
z_BIOMARKERS_LIPOPROTEIN_A	-0.0034	0.0007	0.0009	-0.0259	-0.0003	-0.006	0.0081	-0.0031	-0.0022	0.0008	0.1141	-0.0009	0.0092	0.0216	0.0028	-0.0198	4.2819e-05	0.0016	-0.021	0.0031	0.0358	-0.006	-0.0013	-0.0031	-0.0301	-0.005	0.0026	-0.0049	-0.0008	-0.0611	0.0051	0.0072	0.0003	0.0252	-0.0034	-0.0275	0.0016	0.0343	0.0076	0.1138	-0.0011	0.002	-0.0058	-6.9737e-05	0.0031	-0.005	-0.0133	0.1021	-0.0057	0.0538	0.0025	0.0022	0.014	-0.0015	-0.0454	-0.0008	0.0037	-0.0004	-0.0006	0.0055	0.0044	0.0232	0.0065	-0.0021	-0.0032	-0.0162	0.0335	0.0047	0.0003	1.1931	-0.0005	0.001	-0.0255	0.0205	-0.0063	0.0012	0.0096	0.0002
z_CATEGORICAL_NON-CANCER_ILLNESS_CODE_SELF-REPORTED-URINARY_FREQUENCY_INCONTINENCE	0.0057	0.011	0.0035	0.0047	-0.0019	-0.0077	0.0054	0.0155	0.0011	0.0184	-0.0082	-0.002	0.0085	0.0082	0.0098	-0.0006	0.008	0.0026	0.0165	0.0106	0.0109	-0.0308	-0.0021	0.014	0.0085	0.0033	-0.0052	0.0069	0.0054	0.004	0.0053	0.0093	0.0041	0.0098	0.0122	0.0032	-0.0041	0.013	0.0014	-0.006	0.0218	-0.0043	0.0011	-0.0123	0.0072	-0.0026	-0.0009	-0.0128	0.0107	-0.0104	0.005	0.024	0.0031	0.0033	-0.0052	0.0015	0.0146	0.0014	0.0033	0.0225	0.0018	-0.0138	0.0042	0.0043	-0.0015	0.0113	0.0047	0.0103	-0.0034	-0.0005	0.9991	0.0012	0.0013	0.0006	0.0134	0.0108	0.0001	0.0039
z_ICD10_K50_CROHN_DISEASE_REGIONAL_ENTERITIS	0.0092	0.0051	0.0163	0.0068	0.0049	-0.0043	0.0083	0.0273	-0.0014	0.0318	-0.0308	0.0079	0.0286	0.0111	0.0056	-0.0054	0.044	0.0035	0.0207	0.0396	5.2858e-05	-0.0135	-0.0016	0.0073	-0.0056	0.0114	0.0025	0.0088	0.0155	0.0194	0.0016	-0.0067	0.0064	0.0494	0.0174	-0.0002	-0.0206	0.0125	-0.0105	-0.0242	0.0401	-0.0121	-0.0214	-0.0079	0.027	-0.0174	-0.0198	-0.0315	0.0124	-0.0065	0.0119	0.0247	-0.011	0.002	-0.0376	-0.0015	0.0263	0.0127	-0.0133	0.0004	-0.002	-0.0197	0.192	0.005	0.0058	0.0009	0.0131	0.0103	0.0053	0.001	0.0012	1.0254	0.003	0.0048	0.029	0.0049	-0.0097	0.0042
z_BIOMARKERS_ASPARTATE_AMINOTRANSFERASE	0.095	0.0115	0.0068	0.536	-0.0101	0.1161	0.0785	0.0123	0.121	0.0046	0.0305	0.0039	0.08	0.0299	0.0064	-0.0368	-0.0001	0.0023	0.0423	0.2314	0.1029	-0.0325	0.2638	-0.0181	0.1016	-0.0071	-0.0038	0.001	0.004	0.1607	-0.0141	0.0296	0.0062	0.0891	0.0074	0.9055	-0.0338	0.0355	-0.019	0.0501	0.0297	-0.059	0.1218	0.0565	0.0115	-0.059	0.1792	0.0602	0.0053	-0.1717	-0.004	0.0114	0.009	0.008	0.1724	0.0065	0.0056	-0.0043	0.0264	0.1255	-0.0068	0.0141	0.0091	0.009	-0.008	0.0428	0.0234	0.0194	0.2137	-0.0255	0.0013	0.003	1.383	0.0346	0.0152	-0.0109	0.0021	-0.0101
z_BIOMARKERS_CREATININE	0.0548	0.0294	0.2548	-0.0396	0.0116	-0.0513	0.0144	0.0005	-0.0055	0.024	-0.0372	0.0042	0.7944	0.0397	0.0218	-1.4343	-0.0348	0.0047	-0.0162	-0.0168	0.039	0.0743	0.0244	-0.0291	0.0421	-0.0104	0.0042	0.0003	0.0012	0.0473	0.0146	0.0431	0.0077	0.057	0.0099	-0.0206	0.0691	0.0525	-0.0241	-0.0381	0.0176	-0.1105	0.0605	-0.0638	-0.0034	0.1014	0.093	-0.0589	0.0031	0.0987	0.0002	0.0138	0.5522	-0.001	-0.0212	-0.0026	0.0051	-0.0094	0.0638	0.1479	-0.017	-0.0757	-0.0053	0.0031	-0.0004	-0.0244	0.0398	0.0321	0.4657	0.0205	0.0006	0.0048	0.0346	1.4795	0.0021	-0.0073	0.0903	-0.0139
z_PHECODE_ALLERGY_ADVERSE_EFFECT_OF_PENICILLIN	0.0511	0.0383	0.0631	0.0519	0.0217	0.0061	0.0445	0.12	0.0121	0.0882	-0.0249	0.0416	0.0779	0.0518	0.012	-0.004	0.0587	0.0034	0.0871	0.0524	0.0371	-0.0162	0.0014	0.0202	-0.005	0.0293	0.0073	0.0232	0.0452	0.0522	0.0221	-0.0062	0.0082	0.0792	0.0419	0.0321	-0.0529	0.0874	-0.0119	-0.0126	0.0839	-0.0346	-0.0261	-0.0463	0.0655	-0.0263	0.0046	-0.0356	0.0436	-0.0332	0.0108	0.0982	0.006	0.0205	-0.0284	0.0297	0.0768	0.0225	-0.0041	0.0861	-0.0016	-0.0657	0.0324	0.0185	0.0235	0.0218	0.058	0.0502	0.0446	-0.0063	0.0134	0.029	0.0152	0.0021	1.0423	0.0142	-0.0134	0.0305
z_PHECODE_PARKINSON_DISEASE	0.0021	0.01	0.017	-0.0065	0.0093	-0.0154	-0.0035	0.0137	-0.0126	0.0153	-0.0152	0.0055	-0.0035	0.0201	-0.0047	0.0066	0.0386	0.0006	0.0092	0.0043	-0.0026	-0.0008	-0.0024	0.0159	0.0045	0.0005	-0.0022	0.0062	0.003	-0.0221	0.0238	0.0028	0.0003	-0.0118	0.0089	-0.0174	0.0037	0.023	0.004	-0.0161	0.011	0.0111	0.0012	-0.0042	0.011	-0.0023	-0.0145	-0.0149	0.006	0.0127	0.022	0.0143	0.0033	0.1398	-0.0054	0.0022	0.0029	-0.0013	-0.0112	-0.0011	0.001	0.001	0.0008	0.0057	0.002	0.0057	0.0136	0.0151	-0.0177	0.0012	0.0108	0.0049	-0.0109	-0.0073	0.0142	1.0014	-0.0159	0.0033
z_BIOMARKERS_VITAMIN_D	-0.0661	-0.031	-0.0304	-0.0974	0.04	-0.0779	-0.0992	-0.0264	-0.0902	-0.024	-0.0983	-0.03	-0.0985	-0.0381	-0.0129	-0.091	0.0232	0.0014	-0.0946	-0.1505	-0.0328	0.0059	-0.0082	-0.018	0.0727	0.0006	0.001	-0.02	-0.0364	-0.2554	-0.0189	0.0563	0.0025	-0.1216	-0.0111	-0.1043	0.0785	-0.0448	0.0318	-0.1148	-0.0249	0.1307	0.1037	0.0908	-0.0064	0.0244	0.0861	-0.0969	-0.0437	0.108	-0.0219	-0.0136	0.1065	-0.0136	0.0386	-0.0079	-0.0173	-0.0237	0.0209	-0.2241	0.0088	0.1299	0.0001	-0.005	-0.0136	-0.0725	-0.0353	-0.0154	-0.0668	0.0096	0.0001	-0.0097	0.0021	0.0903	-0.0134	-0.0159	1.2337	-0.0228
z_PHECODE_CANCER_OF_BRONCHUS_LUNG	0.0156	0.0235	0.0173	0.0321	0.0044	-0.0014	0.0339	0.0347	-0.0011	0.0186	-0.0118	0.0058	0.0395	0.0274	0.0101	0.0112	0.0195	0.0015	0.0345	0.0381	0.0143	0.0014	0.0031	0.0052	-0.0096	0.0057	0.001	0.005	0.0532	0.0208	0.0108	0.011	0.0027	0.0594	0.0176	-0.0029	-0.0536	0.0345	-0.0051	-0.0035	0.0241	-0.0071	-0.0321	-0.0242	0.0166	-0.009	0.0065	-0.0137	0.0194	-0.0155	0.0104	0.0241	-0.0237	0.0019	-0.0225	0.0183	0.0175	0.0395	-0.0178	0.0169	-0.0005	-0.0262	0.0104	0.0065	0.0358	0.0033	0.0329	0.0453	0.0055	0.0002	0.0039	0.0042	-0.0101	-0.0139	0.0305	0.0033	-0.0228	1.0116
